<?xml version="1.0" encoding="UTF-8" standalone="no"?>
<root>
  <booklist>
    <book isbn="B001" kind="JAVA">
      <title>자바초급</title>
      <author>이순신</author>
      <price>25000</price>
    </book>
    <book isbn="B002" kind="JAVA">
      <title>자바고급</title>
      <author>홍길동</author>
      <price>30000</price>
    </book>
    <book isbn="B003" kind="DB">
      <title>디비설계</title>
      <author>이몽룡</author>
      <price>35000</price>
    </book>
    <book isbn="B004" kind="DB">
      <title>디비구현</title>
      <author>감상우</author>
      <price>50000</price>
    </book>
  </booklist>
</root>
